cableId,factor
1,1.0
2,2.0
3,1.0
4,2.504580152671756
5,2.464936404262633
6,49.022813688212935
7,8.275353016688062
8,2.0001394700139468
9,2.0
10,2.5262814234410707
11,1.0
12,1.0
13,1.0
14,1.0
15,1.0
